area,auv_count,w1,w2,w3,n,utility_mean,utility_sd,utility_sem,utility_ci_low,utility_ci_high,priority_latency_mean,priority_latency_sd,priority_latency_sem,priority_latency_ci_low,priority_latency_ci_high,regular_latency_mean,regular_latency_sd,regular_latency_sem,regular_latency_ci_low,regular_latency_ci_high,priority_objects_mean,priority_objects_sd,priority_objects_sem,priority_objects_ci_low,priority_objects_ci_high,regular_objects_mean,regular_objects_sd,regular_objects_sem,regular_objects_ci_low,regular_objects_ci_high,travelled_distance_mean,travelled_distance_sd,travelled_distance_sem,travelled_distance_ci_low,travelled_distance_ci_high
10000,3,4.0,4.0,2.0,1,1.2983334063850447,0.0,,,,85.33333333333333,0.0,,,,104.0,0.0,,,,9.0,0.0,,,,10.0,0.0,,,,571.725895832591,0.0,,,
10000,3,6.0,2.0,2.0,1,1.4559067498550449,0.0,,,,83.0,0.0,,,,108.7,0.0,,,,9.0,0.0,,,,10.0,0.0,,,,566.3958509962729,0.0,,,
10000,3,6.0,4.0,0.0,1,0.7532960361187024,0.0,,,,87.66666666666667,0.0,,,,105.4,0.0,,,,9.0,0.0,,,,10.0,0.0,,,,586.9351821174633,0.0,,,
10000,3,8.0,2.0,0.0,1,1.3089714205728789,0.0,,,,83.11111111111111,0.0,,,,108.6,0.0,,,,9.0,0.0,,,,10.0,0.0,,,,568.2550102034941,0.0,,,
10000,3,10.0,0.0,0.0,1,0.8436158382361627,0.0,,,,87.44444444444444,0.0,,,,105.7,0.0,,,,9.0,0.0,,,,10.0,0.0,,,,580.5139638165587,0.0,,,
10000,4,4.0,4.0,2.0,1,0.6517113776850818,0.0,,,,56.0,0.0,,,,91.71428571428571,0.0,,,,9.0,0.0,,,,7.0,0.0,,,,643.1291582703122,0.0,,,
10000,4,6.0,2.0,2.0,1,0.8039520204146866,0.0,,,,49.75,0.0,,,,81.125,0.0,,,,8.0,0.0,,,,8.0,0.0,,,,621.9326493139915,0.0,,,
10000,4,6.0,4.0,0.0,1,1.3650860118825212,0.0,,,,52.875,0.0,,,,88.25,0.0,,,,8.0,0.0,,,,8.0,0.0,,,,564.9510902589939,0.0,,,
10000,4,8.0,2.0,0.0,1,1.040449433318116,0.0,,,,57.375,0.0,,,,60.22222222222222,0.0,,,,8.0,0.0,,,,9.0,0.0,,,,600.1105025796702,0.0,,,
10000,4,10.0,0.0,0.0,1,0.9986375422143815,0.0,,,,53.111111111111114,0.0,,,,91.0,0.0,,,,9.0,0.0,,,,7.0,0.0,,,,610.9874424897496,0.0,,,
10000,5,4.0,4.0,2.0,1,0.9976922976447917,0.0,,,,54.4,0.0,,,,179.25,0.0,,,,10.0,0.0,,,,8.0,0.0,,,,435.2851974144189,0.0,,,
10000,5,6.0,2.0,2.0,1,0.5673037597565367,0.0,,,,57.8,0.0,,,,183.375,0.0,,,,10.0,0.0,,,,8.0,0.0,,,,445.4515509405071,0.0,,,
10000,5,6.0,4.0,0.0,1,1.6889569098905206,0.0,,,,54.3,0.0,,,,177.875,0.0,,,,10.0,0.0,,,,8.0,0.0,,,,374.5721142219704,0.0,,,
10000,5,8.0,2.0,0.0,1,0.9523400172900035,0.0,,,,55.6,0.0,,,,180.375,0.0,,,,10.0,0.0,,,,8.0,0.0,,,,423.3373761992413,0.0,,,
10000,5,10.0,0.0,0.0,1,1.2335386518311313,0.0,,,,57.4,0.0,,,,182.625,0.0,,,,10.0,0.0,,,,8.0,0.0,,,,370.95702883846377,0.0,,,
10000,6,4.0,4.0,2.0,1,1.1902871679060985,0.0,,,,83.88888888888889,0.0,,,,65.0,0.0,,,,9.0,0.0,,,,5.0,0.0,,,,327.23092820287985,0.0,,,
10000,6,6.0,2.0,2.0,1,1.0943491076966145,0.0,,,,85.75,0.0,,,,96.0,0.0,,,,8.0,0.0,,,,6.0,0.0,,,,324.14598557812633,0.0,,,
10000,6,6.0,4.0,0.0,1,0.6731638718411614,0.0,,,,92.125,0.0,,,,90.16666666666667,0.0,,,,8.0,0.0,,,,6.0,0.0,,,,335.78440639616787,0.0,,,
10000,6,8.0,2.0,0.0,1,0.9234232456902041,0.0,,,,86.125,0.0,,,,96.33333333333333,0.0,,,,8.0,0.0,,,,6.0,0.0,,,,328.32661691045803,0.0,,,
10000,6,10.0,0.0,0.0,1,1.5496678841758822,0.0,,,,83.0,0.0,,,,127.4,0.0,,,,9.0,0.0,,,,5.0,0.0,,,,319.09215403817257,0.0,,,
20000,3,4.0,4.0,2.0,1,1.3493356416223372,0.0,,,,98.0,0.0,,,,127.5,0.0,,,,19.0,0.0,,,,20.0,0.0,,,,1647.9921529562503,0.0,,,
20000,3,6.0,2.0,2.0,1,1.2387229635050687,0.0,,,,100.73684210526316,0.0,,,,125.4,0.0,,,,19.0,0.0,,,,20.0,0.0,,,,1642.356714826924,0.0,,,
20000,3,6.0,4.0,0.0,1,0.6765297127967344,0.0,,,,98.94736842105263,0.0,,,,127.8,0.0,,,,19.0,0.0,,,,20.0,0.0,,,,1698.6316366178457,0.0,,,
20000,3,8.0,2.0,0.0,1,1.5613154299174732,0.0,,,,98.05263157894737,0.0,,,,122.85,0.0,,,,19.0,0.0,,,,20.0,0.0,,,,1645.9792288610279,0.0,,,
20000,3,10.0,0.0,0.0,1,1.40752968047252,0.0,,,,97.57894736842105,0.0,,,,126.85,0.0,,,,19.0,0.0,,,,20.0,0.0,,,,1649.4557364665013,0.0,,,
20000,4,4.0,4.0,2.0,1,1.408839637238614,0.0,,,,187.78947368421052,0.0,,,,228.72222222222223,0.0,,,,19.0,0.0,,,,18.0,0.0,,,,1329.9730379018702,0.0,,,
20000,4,6.0,2.0,2.0,1,1.262342381987033,0.0,,,,195.35,0.0,,,,255.61111111111111,0.0,,,,20.0,0.0,,,,18.0,0.0,,,,1340.812644930025,0.0,,,
20000,4,6.0,4.0,0.0,1,0.9500681850644144,0.0,,,,170.31578947368422,0.0,,,,248.61111111111111,0.0,,,,19.0,0.0,,,,18.0,0.0,,,,1488.2347706519524,0.0,,,
20000,4,8.0,2.0,0.0,1,1.4384587163280544,0.0,,,,180.3684210526316,0.0,,,,211.21052631578948,0.0,,,,19.0,0.0,,,,19.0,0.0,,,,1342.4269901312161,0.0,,,
20000,4,10.0,0.0,0.0,1,0.8557351403715647,0.0,,,,230.38888888888889,0.0,,,,226.55555555555554,0.0,,,,18.0,0.0,,,,18.0,0.0,,,,1403.941929154309,0.0,,,
20000,5,4.0,4.0,2.0,1,1.127371834418903,0.0,,,,122.36842105263158,0.0,,,,372.3076923076923,0.0,,,,19.0,0.0,,,,13.0,0.0,,,,1011.5684638756874,0.0,,,
20000,5,6.0,2.0,2.0,1,1.3475368498632403,0.0,,,,121.84210526315789,0.0,,,,368.0,0.0,,,,19.0,0.0,,,,13.0,0.0,,,,992.1455032550947,0.0,,,
20000,5,6.0,4.0,0.0,1,1.357177355065868,0.0,,,,122.73684210526316,0.0,,,,368.9230769230769,0.0,,,,19.0,0.0,,,,13.0,0.0,,,,989.6949337165396,0.0,,,
20000,5,8.0,2.0,0.0,1,0.9092796873434578,0.0,,,,122.63157894736842,0.0,,,,425.3333333333333,0.0,,,,19.0,0.0,,,,12.0,0.0,,,,1061.616719132612,0.0,,,
20000,5,10.0,0.0,0.0,1,1.3977726309995853,0.0,,,,136.33333333333334,0.0,,,,364.0,0.0,,,,18.0,0.0,,,,13.0,0.0,,,,981.5707790554869,0.0,,,
20000,6,4.0,4.0,2.0,1,1.6230539488749733,0.0,,,,183.4375,0.0,,,,273.7857142857143,0.0,,,,16.0,0.0,,,,14.0,0.0,,,,908.8055603681539,0.0,,,
20000,6,6.0,2.0,2.0,1,0.6856615867502805,0.0,,,,217.0625,0.0,,,,237.5,0.0,,,,16.0,0.0,,,,12.0,0.0,,,,1023.6719559242239,0.0,,,
20000,6,6.0,4.0,0.0,1,1.2656284627256116,0.0,,,,186.125,0.0,,,,274.57142857142856,0.0,,,,16.0,0.0,,,,14.0,0.0,,,,922.6596967733544,0.0,,,
20000,6,8.0,2.0,0.0,1,1.2981767388922236,0.0,,,,184.3125,0.0,,,,273.2142857142857,0.0,,,,16.0,0.0,,,,14.0,0.0,,,,925.5181835405726,0.0,,,
20000,6,10.0,0.0,0.0,1,1.3212821173767235,0.0,,,,183.8125,0.0,,,,272.7142857142857,0.0,,,,16.0,0.0,,,,14.0,0.0,,,,919.3139228885149,0.0,,,
30000,3,4.0,4.0,2.0,1,1.4934431789967846,0.0,,,,111.14285714285714,0.0,,,,161.6206896551724,0.0,,,,28.0,0.0,,,,29.0,0.0,,,,2673.289866906741,0.0,,,
30000,3,6.0,2.0,2.0,1,0.9558500117537584,0.0,,,,113.64285714285714,0.0,,,,158.44827586206895,0.0,,,,28.0,0.0,,,,29.0,0.0,,,,2679.1936504161854,0.0,,,
30000,3,6.0,4.0,0.0,1,1.2284833277857983,0.0,,,,112.46428571428571,0.0,,,,163.3793103448276,0.0,,,,28.0,0.0,,,,29.0,0.0,,,,2674.1296002950294,0.0,,,
30000,3,8.0,2.0,0.0,1,0.9684573673995946,0.0,,,,110.03571428571429,0.0,,,,153.48275862068965,0.0,,,,28.0,0.0,,,,29.0,0.0,,,,2689.8358760846195,0.0,,,
30000,3,10.0,0.0,0.0,1,1.081455915437017,0.0,,,,110.78571428571429,0.0,,,,155.17241379310346,0.0,,,,28.0,0.0,,,,29.0,0.0,,,,2683.7921864860546,0.0,,,
30000,4,4.0,4.0,2.0,1,0.858551003262189,0.0,,,,236.78571428571428,0.0,,,,319.04347826086956,0.0,,,,28.0,0.0,,,,23.0,0.0,,,,1610.3052531766607,0.0,,,
30000,4,6.0,2.0,2.0,1,0.7097509938195995,0.0,,,,237.85714285714286,0.0,,,,317.0,0.0,,,,28.0,0.0,,,,23.0,0.0,,,,1625.7416370969972,0.0,,,
30000,4,6.0,4.0,0.0,1,1.6964285714285714,0.0,,,,236.44,0.0,,,,285.18518518518516,0.0,,,,25.0,0.0,,,,27.0,0.0,,,,1549.9323128744131,0.0,,,
30000,4,8.0,2.0,0.0,1,0.5444302790256343,0.0,,,,238.92857142857142,0.0,,,,318.1304347826087,0.0,,,,28.0,0.0,,,,23.0,0.0,,,,1653.3687225247904,0.0,,,
30000,4,10.0,0.0,0.0,1,0.699696194803176,0.0,,,,238.89285714285714,0.0,,,,317.4347826086956,0.0,,,,28.0,0.0,,,,23.0,0.0,,,,1616.3769733813074,0.0,,,
30000,5,4.0,4.0,2.0,1,1.2422129594693787,0.0,,,,224.16,0.0,,,,486.35,0.0,,,,25.0,0.0,,,,20.0,0.0,,,,1675.8948455899406,0.0,,,
30000,5,6.0,2.0,2.0,1,1.1740362661522916,0.0,,,,268.7916666666667,0.0,,,,525.9,0.0,,,,24.0,0.0,,,,20.0,0.0,,,,1640.9044437800062,0.0,,,
30000,5,6.0,4.0,0.0,1,1.3002234744640497,0.0,,,,224.72,0.0,,,,486.45,0.0,,,,25.0,0.0,,,,20.0,0.0,,,,1672.3708560424927,0.0,,,
30000,5,8.0,2.0,0.0,1,1.1149858138524766,0.0,,,,225.24,0.0,,,,485.75,0.0,,,,25.0,0.0,,,,20.0,0.0,,,,1699.265285710708,0.0,,,
30000,5,10.0,0.0,0.0,1,1.0939831278523617,0.0,,,,223.92,0.0,,,,484.85,0.0,,,,25.0,0.0,,,,20.0,0.0,,,,1700.4189242999157,0.0,,,
30000,6,4.0,4.0,2.0,1,1.587652161494799,0.0,,,,238.04545454545453,0.0,,,,244.53333333333333,0.0,,,,22.0,0.0,,,,15.0,0.0,,,,1129.80279043597,0.0,,,
30000,6,6.0,2.0,2.0,1,1.7009682207253158,0.0,,,,236.13636363636363,0.0,,,,242.2,0.0,,,,22.0,0.0,,,,15.0,0.0,,,,1114.5660954819282,0.0,,,
30000,6,6.0,4.0,0.0,1,1.4624706160133356,0.0,,,,237.04545454545453,0.0,,,,238.46666666666667,0.0,,,,22.0,0.0,,,,15.0,0.0,,,,1157.0667636465469,0.0,,,
30000,6,8.0,2.0,0.0,1,1.3001821411868808,0.0,,,,240.33333333333334,0.0,,,,286.125,0.0,,,,21.0,0.0,,,,16.0,0.0,,,,1152.395835123545,0.0,,,
30000,6,10.0,0.0,0.0,1,0.5694090595975727,0.0,,,,276.6842105263158,0.0,,,,296.05882352941177,0.0,,,,19.0,0.0,,,,17.0,0.0,,,,1268.724343397085,0.0,,,
40000,3,4.0,4.0,2.0,1,1.1336953927615978,0.0,,,,167.95,0.0,,,,261.725,0.0,,,,40.0,0.0,,,,40.0,0.0,,,,3791.4737095939645,0.0,,,
40000,3,6.0,2.0,2.0,1,1.3347571750586986,0.0,,,,168.1,0.0,,,,266.95,0.0,,,,40.0,0.0,,,,40.0,0.0,,,,3628.550990270113,0.0,,,
40000,3,6.0,4.0,0.0,1,0.9589364683957268,0.0,,,,170.225,0.0,,,,264.55,0.0,,,,40.0,0.0,,,,40.0,0.0,,,,3787.14331258092,0.0,,,
40000,3,8.0,2.0,0.0,1,0.8950561112532811,0.0,,,,170.05,0.0,,,,264.025,0.0,,,,40.0,0.0,,,,40.0,0.0,,,,3813.077404976718,0.0,,,
40000,3,10.0,0.0,0.0,1,0.711551586769575,0.0,,,,173.075,0.0,,,,266.15,0.0,,,,40.0,0.0,,,,40.0,0.0,,,,3795.2276222146857,0.0,,,
40000,4,4.0,4.0,2.0,1,1.2174031703954173,0.0,,,,227.6216216216216,0.0,,,,436.96774193548384,0.0,,,,37.0,0.0,,,,31.0,0.0,,,,2463.962739134738,0.0,,,
40000,4,6.0,2.0,2.0,1,0.924430923477554,0.0,,,,298.4594594594595,0.0,,,,335.35483870967744,0.0,,,,37.0,0.0,,,,31.0,0.0,,,,2488.0183449976025,0.0,,,
40000,4,6.0,4.0,0.0,1,1.3903946774787463,0.0,,,,250.77777777777777,0.0,,,,463.72727272727275,0.0,,,,36.0,0.0,,,,33.0,0.0,,,,2369.226518373192,0.0,,,
40000,4,8.0,2.0,0.0,1,1.3793619241875041,0.0,,,,247.88888888888889,0.0,,,,461.6764705882353,0.0,,,,36.0,0.0,,,,34.0,0.0,,,,2377.488300271558,0.0,,,
40000,4,10.0,0.0,0.0,1,0.7480711684899862,0.0,,,,279.63157894736844,0.0,,,,391.0967741935484,0.0,,,,38.0,0.0,,,,31.0,0.0,,,,2601.8038908053477,0.0,,,
40000,5,4.0,4.0,2.0,1,0.5750561602205293,0.0,,,,367.2903225806452,0.0,,,,598.3333333333334,0.0,,,,31.0,0.0,,,,27.0,0.0,,,,1983.2168931056956,0.0,,,
40000,5,6.0,2.0,2.0,1,0.6898154118971518,0.0,,,,361.9032258064516,0.0,,,,609.9629629629629,0.0,,,,31.0,0.0,,,,27.0,0.0,,,,1956.4051049938173,0.0,,,
40000,5,6.0,4.0,0.0,1,1.4032408873007969,0.0,,,,342.3478260869565,0.0,,,,389.3636363636364,0.0,,,,23.0,0.0,,,,22.0,0.0,,,,1408.1626018858876,0.0,,,
40000,5,8.0,2.0,0.0,1,0.8569808765641733,0.0,,,,356.1290322580645,0.0,,,,587.6296296296297,0.0,,,,31.0,0.0,,,,27.0,0.0,,,,1907.756635835731,0.0,,,
40000,5,10.0,0.0,0.0,1,0.6947792154121862,0.0,,,,361.06451612903226,0.0,,,,610.2222222222222,0.0,,,,31.0,0.0,,,,27.0,0.0,,,,1944.2297694226033,0.0,,,
40000,6,4.0,4.0,2.0,1,0.8385546932086343,0.0,,,,294.8695652173913,0.0,,,,333.1818181818182,0.0,,,,23.0,0.0,,,,22.0,0.0,,,,1766.6692292208609,0.0,,,
40000,6,6.0,2.0,2.0,1,1.3692029220221176,0.0,,,,311.125,0.0,,,,277.95454545454544,0.0,,,,24.0,0.0,,,,22.0,0.0,,,,1668.3818698653336,0.0,,,
40000,6,6.0,4.0,0.0,1,0.9300671779363288,0.0,,,,287.17391304347825,0.0,,,,326.3636363636364,0.0,,,,23.0,0.0,,,,22.0,0.0,,,,1764.2401839803294,0.0,,,
40000,6,8.0,2.0,0.0,1,0.9007185241622466,0.0,,,,294.82608695652175,0.0,,,,334.72727272727275,0.0,,,,23.0,0.0,,,,22.0,0.0,,,,1751.7014447258973,0.0,,,
40000,6,10.0,0.0,0.0,1,1.2702600394471515,0.0,,,,289.9130434782609,0.0,,,,345.72727272727275,0.0,,,,23.0,0.0,,,,22.0,0.0,,,,1684.7912377868704,0.0,,,
50000,3,4.0,4.0,2.0,1,0.8656785034196766,0.0,,,,153.20408163265307,0.0,,,,362.7291666666667,0.0,,,,49.0,0.0,,,,48.0,0.0,,,,4349.400610062171,0.0,,,
50000,3,6.0,2.0,2.0,1,1.0704926524566303,0.0,,,,200.77083333333334,0.0,,,,382.84,0.0,,,,48.0,0.0,,,,50.0,0.0,,,,4266.543461685375,0.0,,,
50000,3,6.0,4.0,0.0,1,1.4599832992062662,0.0,,,,193.5,0.0,,,,372.56,0.0,,,,50.0,0.0,,,,50.0,0.0,,,,4233.665619501677,0.0,,,
50000,3,8.0,2.0,0.0,1,1.2701009309877418,0.0,,,,194.26,0.0,,,,373.04,0.0,,,,50.0,0.0,,,,50.0,0.0,,,,4255.7232710425715,0.0,,,
50000,3,10.0,0.0,0.0,1,1.3473333212017218,0.0,,,,195.28,0.0,,,,374.5,0.0,,,,50.0,0.0,,,,50.0,0.0,,,,4243.736750530128,0.0,,,
50000,4,4.0,4.0,2.0,1,1.1736216472930843,0.0,,,,393.6304347826087,0.0,,,,582.547619047619,0.0,,,,46.0,0.0,,,,42.0,0.0,,,,3002.2356639175982,0.0,,,
50000,4,6.0,2.0,2.0,1,1.0694220099234082,0.0,,,,307.8780487804878,0.0,,,,508.2325581395349,0.0,,,,41.0,0.0,,,,43.0,0.0,,,,3226.1814333719353,0.0,,,
50000,4,6.0,4.0,0.0,1,0.8358165818637611,0.0,,,,382.04651162790697,0.0,,,,518.25,0.0,,,,43.0,0.0,,,,44.0,0.0,,,,3248.3230103532337,0.0,,,
50000,4,8.0,2.0,0.0,1,0.8611438066493915,0.0,,,,378.51162790697674,0.0,,,,518.6590909090909,0.0,,,,43.0,0.0,,,,44.0,0.0,,,,3235.8281291434437,0.0,,,
50000,4,10.0,0.0,0.0,1,0.9512595565646351,0.0,,,,276.92857142857144,0.0,,,,529.8913043478261,0.0,,,,42.0,0.0,,,,46.0,0.0,,,,3332.112579861726,0.0,,,
50000,5,4.0,4.0,2.0,1,1.2026162034207541,0.0,,,,538.7674418604652,0.0,,,,675.8387096774194,0.0,,,,43.0,0.0,,,,31.0,0.0,,,,2502.732009646011,0.0,,,
50000,5,6.0,2.0,2.0,1,1.056594478394182,0.0,,,,525.7674418604652,0.0,,,,695.96875,0.0,,,,43.0,0.0,,,,32.0,0.0,,,,2542.058254723676,0.0,,,
50000,5,6.0,4.0,0.0,1,0.7559052024288944,0.0,,,,541.7380952380952,0.0,,,,640.7333333333333,0.0,,,,42.0,0.0,,,,30.0,0.0,,,,2566.3741954479515,0.0,,,
50000,5,8.0,2.0,0.0,1,0.7314865282870391,0.0,,,,549.3095238095239,0.0,,,,717.625,0.0,,,,42.0,0.0,,,,32.0,0.0,,,,2545.8912867254367,0.0,,,
50000,5,10.0,0.0,0.0,1,1.2769213667753412,0.0,,,,548.1428571428571,0.0,,,,717.34375,0.0,,,,42.0,0.0,,,,32.0,0.0,,,,2475.3652424848547,0.0,,,
50000,6,4.0,4.0,2.0,1,1.4747037380913823,0.0,,,,308.030303030303,0.0,,,,530.9354838709677,0.0,,,,33.0,0.0,,,,31.0,0.0,,,,1913.772951898822,0.0,,,
50000,6,6.0,2.0,2.0,1,1.23269428164158,0.0,,,,253.14285714285714,0.0,,,,571.8888888888889,0.0,,,,35.0,0.0,,,,27.0,0.0,,,,2156.3254211991307,0.0,,,
50000,6,6.0,4.0,0.0,1,1.3039169084017586,0.0,,,,274.30555555555554,0.0,,,,482.6666666666667,0.0,,,,36.0,0.0,,,,27.0,0.0,,,,2144.3705360974836,0.0,,,
50000,6,8.0,2.0,0.0,1,1.1460475978054372,0.0,,,,332.65625,0.0,,,,590.2903225806451,0.0,,,,32.0,0.0,,,,31.0,0.0,,,,2011.283629615284,0.0,,,
50000,6,10.0,0.0,0.0,1,0.5389933131064175,0.0,,,,397.25,0.0,,,,596.074074074074,0.0,,,,36.0,0.0,,,,27.0,0.0,,,,2525.804108468064,0.0,,,
60000,3,4.0,4.0,2.0,1,0.6834758850125373,0.0,,,,306.280701754386,0.0,,,,431.76271186440675,0.0,,,,57.0,0.0,,,,59.0,0.0,,,,5005.386959161966,0.0,,,
60000,3,6.0,2.0,2.0,1,1.3888481779061803,0.0,,,,290.8833333333333,0.0,,,,446.55172413793105,0.0,,,,60.0,0.0,,,,58.0,0.0,,,,4920.598025658704,0.0,,,
60000,3,6.0,4.0,0.0,1,0.896297143446102,0.0,,,,298.5689655172414,0.0,,,,439.33898305084745,0.0,,,,58.0,0.0,,,,59.0,0.0,,,,4970.607377674933,0.0,,,
60000,3,8.0,2.0,0.0,1,1.3300293911137673,0.0,,,,294.3898305084746,0.0,,,,422.135593220339,0.0,,,,59.0,0.0,,,,59.0,0.0,,,,4950.93627751307,0.0,,,
60000,3,10.0,0.0,0.0,1,1.5045619604722562,0.0,,,,293.271186440678,0.0,,,,425.41379310344826,0.0,,,,59.0,0.0,,,,58.0,0.0,,,,4931.571160751221,0.0,,,
60000,4,4.0,4.0,2.0,1,0.9126186782774379,0.0,,,,334.5272727272727,0.0,,,,543.8,0.0,,,,55.0,0.0,,,,50.0,0.0,,,,4171.109135822527,0.0,,,
60000,4,6.0,2.0,2.0,1,1.0370340054089053,0.0,,,,310.05454545454546,0.0,,,,573.0,0.0,,,,55.0,0.0,,,,52.0,0.0,,,,4102.32092812858,0.0,,,
60000,4,6.0,4.0,0.0,1,1.0155539016030755,0.0,,,,342.8545454545455,0.0,,,,557.5,0.0,,,,55.0,0.0,,,,50.0,0.0,,,,4046.524984786298,0.0,,,
60000,4,8.0,2.0,0.0,1,0.9143930456293659,0.0,,,,338.72727272727275,0.0,,,,553.08,0.0,,,,55.0,0.0,,,,50.0,0.0,,,,4122.1089860697675,0.0,,,
60000,4,10.0,0.0,0.0,1,1.2668401098555306,0.0,,,,348.54545454545456,0.0,,,,545.4615384615385,0.0,,,,55.0,0.0,,,,52.0,0.0,,,,3907.2167035216453,0.0,,,
60000,5,4.0,4.0,2.0,1,1.1787960464453808,0.0,,,,322.40816326530614,0.0,,,,350.6363636363636,0.0,,,,49.0,0.0,,,,33.0,0.0,,,,3113.206378007697,0.0,,,
60000,5,6.0,2.0,2.0,1,1.4207081374048345,0.0,,,,347.875,0.0,,,,528.2926829268292,0.0,,,,48.0,0.0,,,,41.0,0.0,,,,2930.7786683824374,0.0,,,
60000,5,6.0,4.0,0.0,1,0.8231973907140337,0.0,,,,399.38775510204084,0.0,,,,593.3947368421053,0.0,,,,49.0,0.0,,,,38.0,0.0,,,,3037.5898397633014,0.0,,,
60000,5,8.0,2.0,0.0,1,0.6117481418812891,0.0,,,,393.59090909090907,0.0,,,,514.0,0.0,,,,44.0,0.0,,,,40.0,0.0,,,,3177.625886518832,0.0,,,
60000,5,10.0,0.0,0.0,1,1.0025775043458234,0.0,,,,364.27659574468083,0.0,,,,566.2,0.0,,,,47.0,0.0,,,,40.0,0.0,,,,3038.133745070177,0.0,,,
60000,6,4.0,4.0,2.0,1,1.0526854931285792,0.0,,,,396.2564102564103,0.0,,,,698.609756097561,0.0,,,,39.0,0.0,,,,41.0,0.0,,,,2810.1858511240166,0.0,,,
60000,6,6.0,2.0,2.0,1,1.0335755888315026,0.0,,,,388.64102564102564,0.0,,,,687.0487804878048,0.0,,,,39.0,0.0,,,,41.0,0.0,,,,2838.9386197475337,0.0,,,
60000,6,6.0,4.0,0.0,1,1.2322604531671566,0.0,,,,581.9555555555555,0.0,,,,865.3157894736842,0.0,,,,45.0,0.0,,,,38.0,0.0,,,,2582.8433073651922,0.0,,,
60000,6,8.0,2.0,0.0,1,1.1131433736073593,0.0,,,,386.05128205128204,0.0,,,,679.0487804878048,0.0,,,,39.0,0.0,,,,41.0,0.0,,,,2799.0932455633133,0.0,,,
60000,6,10.0,0.0,0.0,1,0.5659201650526611,0.0,,,,571.4090909090909,0.0,,,,858.6756756756756,0.0,,,,44.0,0.0,,,,37.0,0.0,,,,2825.151988053158,0.0,,,
