area,auv_count,method,regular_latency,priority_latency,regular_std,priority_std,transmitted_data,priority_objects,regular_objects,travelled_distance,w1,w2,w3,regular_latency_normalized,priority_latency_normalized,regular_std_normalized,priority_std_normalized,travelled_distance_normalized,priority_objects_normalized,regular_objects_normalized,transmitted_data_normalized,priority,regular,distance,utility
10000,3,owa,111.1,84.55555555555556,66.16217449066598,65.27463349401341,570.0,9.0,10.0,554.9722236840497,0.4,0.4,0.2,0.183736410028844,0.14249937390433262,0.2212326284291287,0.15203225932835898,0.8059865910615015,1.0,1.0,1.0,0.42689481196190865,0.4001190626199396,0.4466470511249501,1.0736013943968286
10000,3,owa,119.85714285714286,96.57142857142857,85.17712637288756,58.20039273308827,420.0,7.0,7.0,454.4384209078148,0.6,0.2,0.2,0.22453960505879744,0.2508318128152839,0.35341121913124157,0.09833238477359685,0.40618380554701516,0.7777777777777778,0.7,0.7368421052631579,0.32167731217411255,0.2515829716178168,0.6661877071748624,1.1136565051578833
10000,3,owa,113.7,86.44444444444444,69.20830072244867,67.4112585387469,570.0,9.0,10.0,580.665228897148,0.6,0.4,0.0,0.19585089860217442,0.15952917605810168,0.2424071586047335,0.16825117253053654,0.9081625236212032,1.0,1.0,1.0,0.41878079634612186,0.3921561175354429,0.4032645327287682,1.0181233878426115
10000,3,owa,109.6,83.11111111111111,67.52810114644454,65.99705380629587,570.0,9.0,10.0,558.3828873811588,0.8,0.2,0.0,0.17674728200576878,0.1294765840220386,0.2307275912079757,0.1575160817562949,0.8195501170487992,1.0,1.0,1.0,0.42874027116648844,0.3995177534572106,0.4406298417757249,1.0691289896708187
10000,3,owa,98.4,68.75,53.45652439132196,59.533304004685355,540.0,8.0,10.0,603.7585415809301,1.0,0.0,0.0,0.1245617927668072,0.0,0.13291187250569902,0.10845038478184527,1.0,0.8888888888888888,1.0,0.9473684210526315,0.420367952256616,0.435984838326541,0.36787944117144233,1.0062398125913288
10000,4,owa,286.2857142857143,166.66666666666666,175.7817911367332,176.98305003587208,480.0,9.0,7.0,474.6549106263124,0.4,0.4,0.2,1.0,0.8827948910593538,0.9832312141384183,1.0,0.48658073354117787,1.0,0.7,0.8421052631578947,0.1320681763020407,0.08468236689547701,0.6147247123759931,0.7891340721257724
10000,4,owa,285.14285714285717,164.55555555555554,178.1941156636292,176.86089951647816,480.0,9.0,7.0,480.4413949385899,0.6,0.2,0.2,0.9946749500776572,0.8637615827698472,1.0,0.9990727672707318,0.5095924219733128,1.0,0.7,0.8421052631578947,0.13437302730557255,0.08383420695830271,0.6007403774992067,0.7770305082839306
10000,4,owa,197.625,124.5,126.12571676137833,171.72735866566433,480.0,8.0,8.0,510.9226345624858,0.6,0.4,0.0,0.5868926114932328,0.5026296018031555,0.6380570600628375,0.9601045572497884,0.6308102031676881,0.8888888888888888,0.8,0.8421052631578947,0.16715511010866274,0.18165325879478803,0.532160468199835,0.7901422077058917
10000,4,owa,220.71428571428572,173.44444444444446,116.86418653821235,160.46581498181405,480.0,9.0,7.0,504.8479473825167,0.8,0.2,0.0,0.6944752607055692,0.9439018281993491,0.5736774066077229,0.874619272884566,0.6066523896899021,1.0,0.7,0.8421052631578947,0.13961142374597343,0.15370155428727922,0.5451728439752999,0.761635044864913
10000,4,owa,197.33333333333334,179.66666666666666,88.00606039737643,166.77754645035404,450.0,9.0,6.0,547.6493276590901,1.0,0.0,0.0,0.5855336143776348,1.0,0.373075981622479,0.9225310134569376,0.7768649011625505,1.0,0.6,0.7894736842105263,0.12757959118978787,0.166293997958916,0.45984541461519585,0.6705720047844417
10000,5,owa,245.28571428571428,83.22222222222223,133.64968423171862,81.33691931985403,480.0,9.0,7.0,391.82916991184004,0.4,0.4,0.2,0.8089638340359441,0.13047833708990741,0.6903583976038469,0.27395951103778127,0.15719936194767803,1.0,0.7,0.8421052631578947,0.4002465677025447,0.12776864261806856,0.8545336803358882,1.318664569347467
10000,5,owa,185.33333333333334,75.375,112.99498513945947,54.00248010177734,420.0,8.0,6.0,352.3000565009351,0.6,0.2,0.2,0.5296205901930332,0.059729526671675436,0.5467814359422402,0.0664664376972115,0.0,0.8888888888888888,0.6,0.7368421052631579,0.4164380547419851,0.15251250208463593,1.0,1.492694305784303
10000,5,owa,194.5,105.875,104.88040808463704,113.54349386908966,420.0,8.0,6.0,444.2045058509066,0.6,0.4,0.0,0.5723319281118261,0.33471074380165294,0.49037459537311123,0.5184364904877105,0.3654855763595907,0.8888888888888888,0.6,0.7368421052631579,0.2655760625181515,0.15407554462207737,0.6938596472225312,1.0364734820517214
10000,5,owa,203.66666666666666,106.5,100.93099953268404,105.02924762723408,420.0,8.0,6.0,421.6268078505537,0.8,0.2,0.0,0.6150432660306191,0.34034560480841475,0.4629210809105213,0.453805674182809,0.27569859624169796,0.8888888888888888,0.6,0.7368421052631579,0.276691560075698,0.15233486302046545,0.7590416743007706,1.1119006658867012
10000,5,owa,199.66666666666666,107.25,104.17421305998268,107.82889885634292,420.0,8.0,6.0,440.6325103913633,1.0,0.0,0.0,0.5964055913024184,0.34710743801652894,0.48546562354410905,0.47505755475643097,0.3512804662858266,0.8888888888888888,0.6,0.7368421052631579,0.27138158699835196,0.15189124199006024,0.7037863378324583,1.0511135458258403
10000,6,owa,73.16666666666667,135.28571428571428,35.74026674028423,45.24641527500378,390.0,7.0,6.0,449.5632092188532,0.4,0.4,0.2,0.006989128023075217,0.5998712031769883,0.009760891986041607,0.0,0.386796065708327,0.7777777777777778,0.6,0.6842105263157895,0.27562356967467555,0.2974875557399684,0.6792295990104482,1.103596946555108
10000,6,owa,90.16666666666667,143.57142857142858,61.35606462825551,62.23840492508663,390.0,7.0,6.0,470.72424500484505,0.6,0.2,0.2,0.08619924561792768,0.6745733605237739,0.18782392814380772,0.12898454314494326,0.470949264115054,0.7777777777777778,0.6,0.6842105263157895,0.2405394161708489,0.2591518077616628,0.6244092575640205,0.9945245776157008
10000,6,owa,78.83333333333333,140.71428571428572,34.33608403220534,45.36046107097489,390.0,7.0,6.0,488.07639759161174,0.6,0.4,0.0,0.03339250055469266,0.6488139959214341,0.0,0.0008657105609091539,0.539955297382321,0.7777777777777778,0.6,0.6842105263157895,0.2668257809529173,0.2949915902975459,0.5827743033285873,0.9970958794302776
10000,6,owa,71.66666666666667,144.0,35.3817278643464,51.58072729781375,420.0,8.0,6.0,444.08356157970746,0.8,0.2,0.0,0.0,0.6784372652141247,0.007268581533355649,0.04808314736677599,0.36500460523165007,0.8888888888888888,0.6,0.7368421052631579,0.2897411225595972,0.29890971757016777,0.6941934539489522,1.1333894352936333
10000,6,owa,156.14285714285714,133.0,142.84423751232038,50.0,390.0,6.0,7.0,419.34985393310046,1.0,0.0,0.0,0.3936099400931884,0.5792637114951165,0.7542724743942131,0.03608399997180019,0.26664360683965466,0.6666666666666666,0.7,0.6842105263157895,0.2338935199220444,0.16861325685258452,0.7659460007432799,1.0841461490916164
20000,3,owa,157.5,82.3157894736842,86.87225951754802,62.0627394314092,1170.0,19.0,20.0,1728.0673427599586,6.82,2.39,0.79,0.0738161559888579,0.009700235769619385,0.07967848917598624,0.009223423005629585,0.9912762618120075,1.0,1.0,1.0,0.4952692264814282,0.4617015038466408,0.37110276437263373,1.0972227427773824
20000,3,owa,152.65,80.63157894736842,86.66588899786048,60.56512612819341,1170.0,19.0,20.0,1706.67423761965,0.6,0.2,0.2,0.056928969359331456,0.0010778039744021863,0.07882643631470825,0.003043094502801281,0.9712784429622362,1.0,1.0,1.0,0.4989697768386194,0.46611317579040357,0.3785987117190271,1.1106250764528482
20000,3,owa,151.65,87.36842105263158,89.4517070532298,59.827725388369885,1170.0,19.0,20.0,1713.210686983505,0.6,0.4,0.0,0.05344707520891363,0.03556753115527113,0.09032839041489298,0.0,0.9773885765516226,1.0,1.0,1.0,0.4911090544817675,0.46411792332621343,0.37629247589317466,1.0994604920380489
20000,3,owa,156.95,80.42105263157895,87.1329746029475,61.72818174102191,1170.0,19.0,20.0,1737.399752943001,0.8,0.2,0.0,0.07190111420612806,0.0,0.08075491731518611,0.007842775260780444,1.0,1.0,1.0,1.0,0.49803931623478964,0.4619099338822235,0.36787944117144233,1.0968737243473439
20000,3,owa,136.3,101.36842105263158,67.57381928403618,93.1320511283222,1170.0,19.0,20.0,1704.217177509321,1.0,0.0,0.0,0.0,0.10724149545301448,0.0,0.1374398005120071,0.9689816355251156,1.0,1.0,1.0,0.4391330434303243,0.5,0.37946927943628084,1.068602322866605
20000,4,owa,404.0,165.88235294117646,270.0259246813165,133.85387664956755,990.0,17.0,16.0,1300.314405663354,0.4,0.4,0.2,0.9321030640668524,0.4375250133734868,0.835874697300206,0.3054900297772921,0.5914219305958223,0.8947368421052632,0.8,0.8461538461538461,0.28841411646335696,0.11663519548348755,0.5535396299361847,0.9002713441412854
20000,4,owa,218.61111111111111,275.75,112.4079434543395,302.1470944203612,1020.0,16.0,18.0,1342.321893680399,0.6,0.2,0.2,0.2865985762921696,1.0,0.18510901576465197,1.0,0.6306896353160684,0.8421052631578947,0.9,0.8717948717948718,0.1003814080186253,0.3457909432657651,0.532224633512262,0.8055015131637698
20000,4,owa,205.88888888888889,275.0,101.53868511638015,298.65699389098523,1020.0,16.0,18.0,1290.0656512295352,0.6,0.4,0.0,0.24230114515629833,0.9961603233411923,0.14023253495309917,0.9855971045842595,0.5818416133272866,0.8421052631578947,0.9,0.8717948717948718,0.10200557448659402,0.36496435488196455,0.5588681991477865,0.8433559510753628
20000,4,owa,194.52941176470588,236.5,106.27094949177011,299.1708413393463,930.0,14.0,17.0,1329.0994392981054,0.8,0.2,0.0,0.2027486482058004,0.7990569215223982,0.15977088474976556,0.9877176426593369,0.6183295666980603,0.7368421052631579,0.85,0.7948717948717948,0.10571372498561481,0.34879732590263884,0.5388437888418374,0.8189561767787716
20000,4,owa,423.5,174.94117647058823,277.5564807386057,141.3817839169156,990.0,17.0,16.0,1323.0851509895729,1.0,0.0,0.0,1.0,0.4839022843896737,0.8669665017175358,0.33655608651646346,0.6127075381371986,0.8947368421052632,0.8,0.8461538461538461,0.27349096185743327,0.10711449112892034,0.5418817156665424,0.8689299230884359
20000,5,owa,347.54545454545456,215.05882352941177,266.24213176594105,251.90610120346318,840.0,17.0,11.0,1181.2637869994824,0.4,0.4,0.2,0.7355343124841732,0.6892873417470727,0.8202523517010843,0.7926662098139371,0.4801359489499155,0.8947368421052632,0.55,0.717948717948718,0.16564489364067653,0.09583863566818004,0.618699274571754,0.8322634860465206
20000,5,owa,340.3076923076923,168.0,309.77771186647817,168.69054508181543,900.0,17.0,13.0,1132.4024309872295,0.6,0.2,0.2,0.7103331904863939,0.44836645335129677,1.0,0.4492534795230229,0.43446139446711857,0.8947368421052632,0.65,0.7692307692307693,0.25906196869026565,0.09952832787496524,0.6476133813102389,0.9564395139379872
20000,5,owa,342.8181818181818,224.85714285714286,285.5488813432188,180.34576071145506,750.0,14.0,11.0,1095.5048451739367,0.6,0.4,0.0,0.7190744492276525,0.7394505124380505,0.8999651481034215,0.49735205156948975,0.39997031744726863,0.7368421052631579,0.55,0.6410256410256411,0.16578434237971962,0.09093555022609087,0.6703399431410496,0.8815920606338147
20000,5,owa,385.0,179.5625,271.0327825757785,224.80064316337413,900.0,16.0,14.0,1030.193955340364,0.8,0.2,0.0,0.8659470752089137,0.5075614685079152,0.8400317646525374,0.6808078051458788,0.33891908924812875,0.8421052631578947,0.7,0.7692307692307693,0.19667428777785184,0.10758020449872832,0.7125400989120564,0.9630044889392724
20000,5,owa,231.0,112.13333333333334,169.64747763131248,122.8715163242056,930.0,15.0,16.0,1218.7210788678221,1.0,0.0,0.0,0.3297353760445682,0.16235320534411143,0.4214369028463579,0.2601681870817045,0.5151502272640395,0.7894736842105263,0.8,0.7948717948717948,0.31256333745634357,0.25645273663531265,0.5974108404805741,1.038200546254574
20000,6,owa,284.84615384615387,183.27272727272728,163.1588419066147,163.99151862769668,720.0,11.0,13.0,920.1829015345508,0.4,0.4,0.2,0.5172219841439898,0.5265562325851987,0.39464692992100875,0.42986160642228705,0.23608310022024556,0.5789473684210527,0.65,0.6153846153846154,0.16071345985339544,0.18630140874429185,0.7897150457117508,1.0435792099372923
20000,6,owa,380.3333333333333,180.21428571428572,141.17896443875767,133.35099928755318,690.0,14.0,9.0,667.6278292637857,0.6,0.2,0.2,0.849698235840297,0.5108983303661647,0.3038974492520494,0.3034147628928361,0.0,0.7368421052631579,0.45,0.5897435897435898,0.2261900155861301,0.10792481825732932,1.0,1.2801524247147948
20000,6,owa,196.5,147.8,139.87239082208367,133.28815901396993,540.0,10.0,8.0,929.3242363503396,0.6,0.4,0.0,0.20961002785515317,0.34495116200741,0.29850292977202386,0.3031554345781649,0.24462822522628372,0.5263157894736842,0.4,0.46153846153846156,0.18074544116442615,0.1502543985568071,0.7829955821424976,1.0388682225853274
20000,6,owa,200.75,151.0,139.28465201060123,132.66415408005955,540.0,10.0,8.0,904.0817520775664,0.8,0.2,0.0,0.22440807799442894,0.3613337824183227,0.2960763015076479,0.3005803002155956,0.22103208878445424,0.5263157894736842,0.4,0.46153846153846156,0.17911040557824734,0.1490955906145455,0.8016909545892035,1.0553491554747236
20000,6,owa,290.53846153846155,145.6,174.66902768026515,133.0548758971275,690.0,10.0,13.0,940.4169729468606,1.0,0.0,0.0,0.5370419970002143,0.3336881104749074,0.4421696416781395,0.30219272525049395,0.25499747903729264,0.5263157894736842,0.65,0.5897435897435898,0.1821990919622886,0.1774813558579521,0.774918451499136,1.0458582213904006
30000,3,owa,188.82758620689654,125.32142857142857,147.239617379659,108.95464689202146,1710.0,28.0,29.0,2665.0122015057664,0.4,0.4,0.2,0.0,0.0,0.02780706503459836,0.0001512602216451289,0.9826265599563128,1.0,1.0,1.0,0.4999621849446609,0.4930486816512288,0.3743266152166241,1.1208131409868993
30000,3,owa,188.82758620689654,125.78571428571429,147.08065546434943,108.91021009268995,1710.0,28.0,29.0,2664.9430401970435,0.6,0.2,0.2,0.0,0.0015388038995658472,0.027236007381173648,0.0,0.9825829727833009,1.0,1.0,1.0,0.49961529910102026,0.49319141903333885,0.37434293141115027,1.1205539400288398
30000,3,owa,206.3793103448276,133.75,144.5978200273097,110.12606412652728,1710.0,28.0,29.0,2646.8018603465025,0.6,0.4,0.0,0.04325509458334044,0.02793520925365644,0.018316624548156416,0.00413869480730043,0.9711499510636794,1.0,1.0,1.0,0.49198221132151065,0.48461193135556063,0.37864736171178504,1.112935538711076
30000,3,owa,203.68965517241378,170.07142857142858,139.49913042439567,132.68255867167085,1710.0,28.0,29.0,2556.730725562782,0.8,0.2,0.0,0.03662661250573617,0.14831702201199795,0.0,0.08091966048806733,0.9143848867857614,1.0,1.0,1.0,0.4429404813639338,0.49084437038044776,0.40076306494617747,1.089125731500335
30000,3,owa,283.0344827586207,166.67857142857142,207.23631830742355,139.17163758824825,1710.0,28.0,29.0,2692.5792531728,1.0,0.0,0.0,0.23216683379506095,0.1370719165920938,0.2433402962385184,0.10300809912361712,1.0,1.0,1.0,1.0,0.440266632211736,0.3833136108158639,0.36787944117144233,0.9998028787911103
30000,4,owa,539.95,411.84,417.8631701255429,391.18630258910315,1350.0,25.0,20.0,1552.7568267925253,0.4,0.4,0.2,0.8653185920424223,0.9496219277188296,1.0,0.9608510279419457,0.28165562192313953,0.8928571428571429,0.6896551724137931,0.7894736842105263,0.11511404228931194,0.09247195193716669,0.7545334845861487,0.915883502844044
30000,4,owa,509.0,427.04,334.1887357633574,402.6873766749255,1320.0,25.0,19.0,1589.1904173973721,0.6,0.2,0.2,0.7890443088532726,1.0,0.6994064518821513,1.0,0.30461697483076694,0.8928571428571429,0.6551724137931034,0.7719298245614035,0.10643118037689067,0.12065286548030336,0.7374057652748052,0.9041633783918475
30000,4,owa,501.1578947368421,426.88,333.5434776187181,400.5967756568525,1320.0,25.0,19.0,1633.2638771114364,0.6,0.4,0.0,0.769717945116884,0.9994697045023034,0.6970884148780468,0.9928837184918259,0.3323931628362418,0.8928571428571429,0.6551724137931034,0.7719298245614035,0.10715009299949461,0.1227979938330519,0.7172052889498802,0.8857543788659008
30000,4,owa,579.5,386.04545454545456,376.3413204442002,342.26854915440265,1260.0,22.0,20.0,1605.323271633439,0.8,0.2,0.0,0.9627870217720141,0.8641298569708677,0.8508361578387758,0.7943379050746951,0.314784299911056,0.7857142857142857,0.6896551724137931,0.7368421052631579,0.12568897699421322,0.09669020800088207,0.729946306772639,0.9039803877672933
30000,4,owa,594.6,383.4347826086956,392.8996657779452,363.69478038684093,1290.0,23.0,20.0,1648.1327108884736,1.0,0.0,0.0,1.0,0.8554771846332057,0.9103206564526127,0.8672715216716151,0.3417638708562739,0.8214285714285714,0.6896551724137931,0.7543859649122807,0.12446076383261269,0.08892747058576532,0.710515958427494,0.8794404575529894
30000,5,owa,571.1111111111111,348.69565217391306,367.886633575343,250.1458546860227,1230.0,23.0,18.0,1328.8948232257924,0.4,0.4,0.2,0.9421131449786887,0.7403396567365953,0.820463388145053,0.48075773293224056,0.14057223208506817,0.8214285714285714,0.6206896551724138,0.7192982456140351,0.18707492588630975,0.09091113567394987,0.868860903031432,1.1013913967547166
30000,5,owa,404.0,288.42105263157896,246.90410357796074,166.89694617719897,930.0,19.0,12.0,1507.804319894461,0.6,0.2,0.2,0.5302785662083382,0.5405687269693388,0.3858435639491203,0.19738340034768187,0.25332543656853723,0.6785714285714286,0.41379310344827586,0.543859649122807,0.21948536670301555,0.11824083950524293,0.7762152318936907,1.0548210183493276
30000,5,owa,576.5,354.4347826086956,371.8251091100571,251.59488108807642,1230.0,23.0,18.0,1299.5087131407681,0.6,0.4,0.0,0.9553937148393018,0.7593611256757098,0.8346120387356338,0.48569013261092053,0.122052376285984,0.8214285714285714,0.6206896551724138,0.7192982456140351,0.18363689993422286,0.08880332156469066,0.8851020089326218,1.11314056964919
30000,5,owa,400.6666666666667,279.7368421052632,244.14464167907937,161.12860360775426,930.0,19.0,12.0,1480.966423184413,0.8,0.2,0.0,0.5220637807275467,0.5117862410746259,0.3759304232221645,0.17774830536547873,0.23641152807290064,0.6785714285714286,0.41379310344827586,0.543859649122807,0.22673556608727902,0.1197777365886445,0.7894557238816652,1.0760801582632664
30000,5,owa,573.0588235294117,396.69565217391306,393.01565976883086,250.92473242762165,1200.0,23.0,17.0,1432.083129770595,1.0,0.0,0.0,0.9469131568870727,0.8994283060455539,0.910737355358873,0.4834089864338668,0.20560406351264238,0.8214285714285714,0.5862068965517241,0.7017543859649122,0.1647405431378464,0.07912452975044183,0.8141553662914163,1.0184581743044836
30000,6,owa,344.9166666666667,241.11764705882354,284.769271303608,225.70857381614383,870.0,17.0,12.0,1170.6831894781924,0.4,0.4,0.2,0.3846714935613078,0.38378883321343193,0.5218710758587025,0.3975746824788002,0.04086333443698224,0.6071428571428571,0.41379310344827586,0.5087719298245614,0.1906586984955408,0.11905152628456453,0.9599603145002452,1.2101447761380681
30000,6,owa,377.6923076923077,189.7058823529412,293.380976608739,147.7171133898686,900.0,17.0,13.0,1193.2661259996696,0.6,0.2,0.2,0.4654449515676294,0.21339241226241495,0.5528079214166869,0.13209639043310611,0.05509566143390482,0.6071428571428571,0.4482758620689655,0.5263157894736842,0.25164662884409794,0.11895800592785649,0.9463946101576177,1.257520241965644
30000,6,owa,323.5,305.11764705882354,258.0442174934718,295.1935556446273,870.0,17.0,12.0,1105.8438917410197,0.6,0.4,0.0,0.33189149684722197,0.5959070322920436,0.4258635102305119,0.6340974273771274,0.0,0.6071428571428571,0.41379310344827586,0.5087719298245614,0.13732396314809034,0.132055397293417,1.0,1.2033516617947988
30000,6,owa,321.90909090909093,264.2352941176471,205.90602446040987,265.7521235596634,840.0,17.0,11.0,1301.9654268433185,0.8,0.2,0.0,0.32797080377684423,0.46040873416737904,0.23856132461401588,0.5338805438545527,0.12360065822528205,0.6071428571428571,0.3793103448275862,0.49122807017543857,0.1639684594383479,0.13732453201041173,0.8837326818035297,1.1163634072470834
30000,6,owa,433.42857142857144,242.41176470588235,312.1522592694677,212.55530422208048,930.0,17.0,14.0,1155.7912239223247,1.0,0.0,0.0,0.602803386595898,0.38807798797421267,0.6202422160219874,0.35280173518991886,0.03147804819591048,0.6071428571428571,0.4827586206896552,0.543859649122807,0.19599288008222174,0.10977975700912955,0.9690122277868515,1.219894986373638
40000,3,owa,420.975,226.025,343.664004627955,182.00091398756132,2400.0,40.0,40.0,3196.6374067126044,0.4,0.4,0.2,0.27123854645211076,0.07929866759502485,0.44843807106510375,0.023089897865775297,0.7502221420041439,1.0,1.0,1.0,0.4744251973449184,0.32746419793412485,0.47226163194238796,1.1104189282543688
40000,3,owa,405.0,235.69444444444446,299.70799514350824,203.46889119110978,2130.0,36.0,35.0,3054.125126706264,0.6,0.2,0.2,0.22894488681348052,0.10296453366998042,0.3189192494929774,0.064249511277956,0.6839315247007192,0.9,0.875,0.8875,0.41246425911216134,0.32056507657311867,0.5046291253808951,1.0773759227796158
40000,3,owa,483.275,292.925,361.2408094829506,209.8292819510722,2400.0,40.0,40.0,3505.8067313053866,0.6,0.4,0.0,0.4361772003166902,0.2430357312403076,0.5002291021100801,0.07644401019829154,0.8940344884042339,1.0,1.0,1.0,0.42080254407932516,0.2816268239807562,0.40900230453134895,0.9706182606010523
40000,3,owa,369.95,193.625,279.43963615852755,169.95771532943127,2400.0,40.0,40.0,3733.6125245510434,0.8,0.2,0.0,0.1361503471994594,0.0,0.25919740481860165,0.0,1.0,1.0,1.0,1.0,0.5,0.40243060385690155,0.36787944117144233,1.0690947430998932
40000,3,owa,421.7,234.225,369.4748317301887,184.39401618579765,2400.0,40.0,40.0,3503.0898554357022,1.0,0.0,0.0,0.2731579770147402,0.09936808346783975,0.5244911056624795,0.02767808800597008,0.8927707139524453,1.0,1.0,1.0,0.4682811094953306,0.3105286273471709,0.40951951794625036,1.0330649411151664
40000,4,owa,442.2105263157895,602.2068965517242,305.22297477006117,691.5364043361474,1440.0,29.0,19.0,2317.1124771309387,0.4,0.4,0.2,0.3274593991749385,1.0,0.3351694430524761,1.0,0.341104762693913,0.725,0.475,0.6,0.08642211846603523,0.16157092988932115,0.7109844196615337,0.8781920030722294
40000,4,owa,555.0434782608696,489.2903225806452,407.1904265552677,491.2946972743472,1620.0,31.0,23.0,2407.607272499602,0.6,0.2,0.2,0.626183559775072,0.72363784366353,0.6356221990881569,0.6160853361491122,0.38319907097014644,0.775,0.575,0.675,0.1608555785486355,0.12688133857226747,0.6816771836396422,0.9059734314744115
40000,4,owa,449.6818181818182,567.3636363636364,344.8037932566228,475.0946496608477,1650.0,33.0,22.0,2175.542939872719,0.6,0.4,0.0,0.34723957289905016,0.9147214781610451,0.45179652151949706,0.5850256936542271,0.2752526689951101,0.825,0.55,0.6875,0.15053216909016884,0.17062745995377288,0.7593802271439954,0.9952261262110507
40000,4,owa,437.36842105263156,598.0666666666667,297.7967633818436,671.2618037661628,1470.0,30.0,19.0,2328.7577762160217,0.8,0.2,0.0,0.31463997182380105,0.9898668298326494,0.3132876990309271,0.9611283953940005,0.34652165775024646,0.75,0.475,0.6125,0.0933336596633356,0.1652907757462379,0.7071435039840267,0.8831225515204812
40000,4,owa,547.2608695652174,511.0,410.9764666334098,445.19356745128295,1680.0,33.0,23.0,2434.05035109296,1.0,0.0,0.0,0.6055791777234564,0.7767720564188583,0.6467779763094562,0.5276976569844241,0.39549926014176523,0.825,0.575,0.7,0.1760663293974584,0.12781811326758324,0.6733437816039722,0.9133191676352223
40000,5,owa,536.7727272727273,465.16129032258067,481.0591421731826,501.0902178765944,1590.0,31.0,22.0,1886.8520242318198,0.4,0.4,0.2,0.5778119213628867,0.6645822847616198,0.8532804694837929,0.6348658592201403,0.14096600256275268,0.775,0.55,0.6625,0.16604987875571792,0.10611069378118362,0.8685188386104591,1.0876240642567687
40000,5,owa,581.0434782608696,469.6,440.93129523160917,464.768210676217,1590.0,30.0,23.0,1882.1367680538563,0.6,0.2,0.2,0.695018310986614,0.6754459811585488,0.7350415413131581,0.5652272639977236,0.1387726670637551,0.75,0.575,0.6625,0.16823911455620424,0.11102638126571382,0.8704258824396748,1.094178187628736
40000,5,owa,696.24,307.7931034482759,530.8527165482594,352.7228150211625,1620.0,29.0,25.0,1784.520445392901,0.6,0.4,0.0,1.0,0.27942526189195177,1.0,0.3504075291875621,0.0933657288841321,0.725,0.625,0.675,0.25197262834450423,0.07450182626382347,0.9108603114461559,1.200083852922572
40000,5,owa,504.95652173913044,308.74074074074076,398.84987814520224,284.9525726519567,1500.0,27.0,23.0,1870.7925626533888,0.8,0.2,0.0,0.49357882165517813,0.2817445944430574,0.6110463102846205,0.22047460861853715,0.13349582791150538,0.675,0.575,0.625,0.2544880205782775,0.14310271529032398,0.875031119677268,1.2010704979007074
40000,5,owa,501.7916666666667,406.0689655172414,389.7037870827876,422.338044278893,1590.0,29.0,24.0,1961.2527019901604,1.0,0.0,0.0,0.4851998981346539,0.5199544260531063,0.58409684534708,0.48387776239495084,0.1755740156839669,0.725,0.6,0.6625,0.19443676028385554,0.15332210827201548,0.8389752975448398,1.1100731119647032
40000,6,owa,456.22727272727275,221.27272727272728,272.3763033917427,219.62070806564535,1320.0,22.0,22.0,1741.1956965442048,0.4,0.4,0.2,0.36456860117608175,0.06766752885055256,0.23838490279542632,0.09521668308724668,0.07321290875124158,0.55,0.55,0.55,0.25265280730168965,0.19451754831710152,0.9294029309418897,1.2793145124021301
40000,6,owa,346.3809523809524,237.1818181818182,303.31476656939674,212.94882827384487,1290.0,22.0,21.0,1773.1024351102421,0.6,0.2,0.2,0.07375151915522371,0.10660486563262143,0.3295468016807252,0.08242497987462832,0.08805455885737633,0.55,0.525,0.5375,0.24908551563327644,0.21027307425884248,0.9157109152191953,1.2699329679818931
40000,6,owa,318.5238095238095,292.4347826086956,191.47339738136446,287.7541289628662,1320.0,23.0,21.0,1583.8018001458897,0.6,0.4,0.0,0.0,0.24183592920443273,0.0,0.2258459099580239,0.0,0.575,0.525,0.55,0.22146991395183346,0.2625,1.0,1.3527199139518333
40000,6,owa,345.75,306.3,207.26435573415594,316.4239494562219,1200.0,20.0,20.0,1754.933985242178,0.8,0.2,0.0,0.07208107876410105,0.2757709065206612,0.04652893520900144,0.2808133024102614,0.0796033730567793,0.5,0.5,0.5,0.18216908782010136,0.23519110555847494,0.9234825518200103,1.223247192419349
40000,6,owa,381.22727272727275,250.7391304347826,250.57361465971704,215.94258862259588,1350.0,23.0,22.0,1585.9070015782509,1.0,0.0,0.0,0.1660068188350951,0.13978624828168879,0.17414207036371931,0.08816478560643894,0.0009792496653135037,0.575,0.55,0.5625,0.25487319529394425,0.22867532080333614,0.999021229643173,1.3682320853387853
50000,3,owa,428.86,211.98,375.1286587455628,244.01551389288377,3000.0,50.0,50.0,4158.651744313344,0.4,0.4,0.2,0.19319449134626024,0.03626643046739085,0.32857827497873204,0.18325339882903582,1.0,1.0,1.0,1.0,0.4453393698068617,0.372437795153269,0.36787944117144233,0.9994377085549385
50000,3,owa,417.48979591836735,197.24,348.52965694285973,226.33960036608167,2970.0,50.0,49.0,4100.442108742728,0.6,0.2,0.2,0.1560887346899394,0.0,0.2504208965453328,0.14717382868076884,0.9748198631255078,1.0,0.98,0.99,0.4632728119005211,0.39175435384114754,0.3772603059349903,1.0364102947560851
50000,3,owa,369.66,199.76,333.53123710148793,154.23697113632036,3000.0,50.0,50.0,4145.997663812087,0.6,0.4,0.0,0.0,0.006200230988997585,0.20635017599197827,0.0,0.9945261385693446,1.0,1.0,1.0,0.4984499472184531,0.4485947314060671,0.3698986837407066,1.0926459966621933
50000,3,owa,403.3673469387755,198.28,344.1325867233412,222.8450582804115,2970.0,50.0,49.0,4080.6272030342675,0.8,0.2,0.0,0.11000124571737581,0.002558825487522812,0.2375007319581709,0.14004086912397823,0.9662483949655859,1.0,0.98,0.99,0.4644103645507109,0.4057085494575636,0.38050787898655913,1.047772518266052
50000,3,owa,410.3265306122449,204.02,347.9968503063343,224.78756320452553,2970.0,50.0,49.0,4121.209099681428,1.0,0.0,0.0,0.13271198811570553,0.01668157385135077,0.24885532012890826,0.1440058547280691,0.9838031812511371,1.0,0.98,0.99,0.4599143582014931,0.39763395831955733,0.3738864335642772,1.0326177709255489
50000,4,owa,483.4651162790698,328.7317073170732,418.523615356763,311.0358519841598,2520.0,41.0,43.0,3157.7919558677386,0.4,0.4,0.2,0.3713939451374474,0.32352339623155696,0.45608817445239747,0.3200533999072395,0.5670512928282729,0.82,0.86,0.84,0.2824395272752693,0.2615928441977187,0.5671954686209696,0.9804314179950983
50000,4,owa,485.4634146341463,308.5348837209302,263.3048705930993,239.89018805607995,2520.0,43.0,41.0,3047.652204967305,0.6,0.2,0.2,0.3779152328784454,0.2738309472076982,0.0,0.17483290148457128,0.5194073937416523,0.86,0.82,0.84,0.33512350563018256,0.33343644894515767,0.5948729689807724,1.0967146990835337
50000,4,owa,535.0666666666667,264.5238095238095,398.4534534239282,295.89461193218676,2610.0,42.0,45.0,3391.213643264905,0.6,0.4,0.0,0.539791500539647,0.16554569875688,0.39711486210633923,0.2891475329058781,0.6680240953637786,0.84,0.9,0.87,0.3261262110395351,0.25337309964131044,0.5127206647021172,0.9655334255623075
50000,4,owa,437.7173913043478,343.5609756097561,312.47632180826315,311.19246848056014,2610.0,41.0,46.0,3226.6636598180403,0.8,0.2,0.0,0.22209988336819034,0.36000946322062544,0.14448330614994895,0.32037308102921846,0.5968435929388669,0.82,0.92,0.87,0.27566426098567154,0.37661754866450753,0.5505466457753524,1.0145196810932777
50000,4,owa,544.7555555555556,270.7142857142857,402.535552103253,298.54494989534476,2610.0,42.0,45.0,3329.550083601644,1.0,0.0,0.0,0.5714104187930138,0.18077680284927783,0.4091095276824755,0.2945573271048246,0.6413498711177654,0.84,0.9,0.87,0.3220177851590037,0.24550976438692404,0.52658112741661,0.9713537947690758
50000,5,owa,676.0869565217391,518.060606060606,353.6591724763828,578.1030368473437,1680.0,33.0,23.0,2711.510498593506,0.4,0.4,0.2,1.0,0.789349945875385,0.26549324736914537,0.8651833144636101,0.3740002958832655,0.66,0.46,0.56,0.10592815685155822,0.10121366653340148,0.6879767082681543,0.8445116983864133
50000,5,owa,603.0416666666666,508.6,309.58716959801507,439.05782816229146,1770.0,35.0,24.0,2449.9403444614645,0.6,0.2,0.2,0.7616225064393433,0.7660729844183739,0.1359939438677484,0.5813682034128619,0.26085112017099604,0.7,0.48,0.59,0.144402314792255,0.13897947059857602,0.7703956074438167,0.9842876575353597
50000,5,owa,539.047619047619,560.6571428571428,313.9567607474755,636.2401480969431,1680.0,35.0,21.0,2417.7295961133295,0.6,0.4,0.0,0.552783021997616,0.8941548536015221,0.14883336512125228,0.9838511264760968,0.24691749828374127,0.7,0.42,0.56,0.0928326551000573,0.13921065962039658,0.7812051416377355,0.943643126547991
50000,5,owa,593.2608695652174,603.6764705882352,298.0857438253912,644.1517194042162,1710.0,34.0,23.0,2621.275992524756,0.8,0.2,0.0,0.7297036530444875,1.0,0.10219864232589644,1.0,0.3349669435638384,0.68,0.46,0.57,0.08105798697503994,0.13949177546048258,0.7153617332711847,0.8661656079764659
50000,5,owa,639.1818181818181,517.7837837837837,603.6310475434822,579.2488016165196,1770.0,37.0,22.0,2399.452418013699,1.0,0.0,0.0,0.8795630163911418,0.7886688498201476,1.0,0.8675220168056538,0.2390112153854425,0.74,0.44,0.59,0.11860275312265535,0.0582731927548811,0.7874060512608012,0.9351454007608971
50000,6,owa,565.6923076923077,246.22857142857143,531.1374036334304,257.67296711761065,1830.0,35.0,26.0,2159.172801390432,0.4,0.4,0.2,0.6397358441224489,0.12053192804688588,0.7869877522803048,0.2111306025119482,0.1350718318896539,0.7,0.52,0.61,0.29248531125382804,0.10067704360860957,0.8736531532771318,1.2164769863352647
50000,6,owa,528.6071428571429,471.8333333333333,424.8627960914506,472.1309055272944,1740.0,30.0,28.0,1846.9234220744252,0.6,0.2,0.2,0.5187113583653223,0.675611942343448,0.4747149541832197,0.6488760248898299,0.0,0.6,0.56,0.58,0.12604354904910553,0.15133207500366164,1.0,1.2017095865509364
50000,6,owa,596.6296296296297,277.94117647058823,538.2923961042954,273.19955423634497,1830.0,34.0,27.0,2105.5183691822563,0.6,0.4,0.0,0.7406973335700234,0.198557910794249,0.8080116786058669,0.24282302894660626,0.11186217023001248,0.68,0.54,0.61,0.2661601383720615,0.09464731477107077,0.8941674919072171,1.207651287664814
50000,6,owa,544.9230769230769,241.86111111111111,505.4906466455674,249.37615337681328,1860.0,36.0,26.0,2202.8764242640796,0.8,0.2,0.0,0.5719571114515933,0.10978618883913395,0.7116284096118091,0.19419538312912507,0.1539770044625799,0.72,0.52,0.62,0.3057008000540474,0.11280906348301371,0.857291734668958,1.2193970664645122
50000,6,owa,624.1481481481482,280.61764705882354,568.1728274243338,280.05832884942424,1830.0,34.0,27.0,2019.2417509176776,1.0,0.0,0.0,0.8305018299853583,0.2051431234459622,0.8958110703182321,0.25682296390943116,0.07454090828301196,0.68,0.54,0.61,0.2628332715955058,0.08157229634980089,0.928169503461602,1.2317889232320083
60000,3,owa,583.2931034482758,305.45,415.3849201420625,300.2803449998357,3540.0,60.0,58.0,4721.920674889421,0.4,0.4,0.2,0.10139318668570824,0.07732951267107073,0.0926018620946068,0.05283464381478141,1.0,1.0,0.9830508474576272,0.9915966386554622,0.46750482761209927,0.44399763641829687,0.36787944117144233,1.0573830869926901
60000,3,owa,519.8474576271186,280.43333333333334,390.51808265604797,276.92459762246034,3570.0,60.0,59.0,4617.371929038643,0.6,0.2,0.2,0.0,0.009212377389804774,0.05062967565139071,0.0,0.9551342487973066,1.0,1.0,1.0,0.4976969219406417,0.48734528419197437,0.3847604874529127,1.1261300514895416
60000,3,owa,540.280701754386,328.22033898305085,360.52202995824405,352.26655599949476,3480.0,59.0,57.0,4692.974506171884,0.6,0.4,0.0,0.032654592912974824,0.13933018932298655,0.0,0.17043623014242576,0.9875781235500823,0.9833333333333333,0.9661016949152542,0.9747899159663865,0.4161188916796861,0.475164633825721,0.3724776944784947,1.0261789030710413
60000,3,owa,536.3050847457627,277.05,394.212976493378,279.83944700791363,3570.0,60.0,59.0,4698.747776530284,0.8,0.2,0.0,0.026301115502050606,0.0,0.056866205451994695,0.006593881435939131,0.9900556483584195,1.0,1.0,1.0,0.49835153561384693,0.4792201458945246,0.37155601396449084,1.1095176225256
60000,3,owa,542.4067796610169,280.28333333333336,398.42782060130514,284.9817770960736,3570.0,60.0,59.0,4559.009418021502,1.0,0.0,0.0,0.036052301476034394,0.008803946865133689,0.06398034784450855,0.018226700296154804,0.9300887269447837,1.0,1.0,1.0,0.4932427496400634,0.4750126705694289,0.3945187043793371,1.125267789304115
60000,4,owa,1083.6216216216217,477.734693877551,794.4041915294251,473.85826711467763,2580.0,49.0,37.0,3814.0544970931505,0.4,0.4,0.2,0.9009737125161654,0.5464383654258467,0.7323401293024624,0.44549720951505106,0.6104008926469141,0.8166666666666667,0.6271186440677966,0.7226890756302521,0.22093278018981935,0.10245670231498491,0.5431330873628536,0.8152942187101654
60000,4,owa,1013.3157894736842,459.5652173913044,732.9822867688737,417.34375131692707,2520.0,46.0,38.0,3803.5608912158564,0.6,0.2,0.2,0.7886171863620453,0.49696523999732783,0.6286674511922187,0.3176518332017481,0.6058976964901492,0.7666666666666667,0.6440677966101694,0.7058823529411765,0.23529574925996863,0.12564965338159384,0.5455844375072221,0.8437050134579877
60000,4,owa,1074.21875,496.8627450980392,952.9819324142848,611.0249101176757,2490.0,51.0,32.0,3895.775471785412,0.6,0.4,0.0,0.8859468796204885,0.5985215653986506,1.0,0.7557913143979025,0.6454703991125177,0.85,0.5423728813559322,0.6974789915966386,0.17439123867621414,0.07143446494092119,0.5244157993507512,0.734524270497426
60000,4,owa,970.05,446.19565217391306,704.5926974009659,395.96170519467705,2580.0,46.0,40.0,3670.3820756816235,0.8,0.2,0.0,0.7194736507823832,0.4605616497548994,0.580749289557619,0.26928203485418345,0.5487457186772673,0.7666666666666667,0.6779661016949152,0.7226890756302521,0.24934225686349307,0.1451711856639019,0.5776739217765686,0.8996017714720126
60000,4,owa,974.7368421052631,441.5652173913044,733.8817448082021,402.458536286599,2520.0,46.0,38.0,3734.729055932556,1.0,0.0,0.0,0.7269637448683499,0.44795357703679,0.6301856265752274,0.2839789636708997,0.5763593986223481,0.7666666666666667,0.6440677966101694,0.7058823529411765,0.24899093747289117,0.13184325084949858,0.5619404482773369,0.8768530111749774
60000,5,owa,752.96,370.25581395348837,431.42375533420346,384.6444922029429,2040.0,43.0,25.0,2735.5266501436154,0.4,0.4,0.2,0.3725397262756169,0.25378732996949804,0.11967345820710656,0.24368058833513456,0.14756452237156062,0.7166666666666667,0.423728813559322,0.5714285714285714,0.27099739617975077,0.1607509901339289,0.8628067661865927,1.214179657433308
60000,5,owa,571.5833333333334,644.3095238095239,473.890550257323,666.9988294170164,1980.0,42.0,24.0,2747.181078742728,0.6,0.2,0.2,0.08267967385209529,1.0,0.19135222456255707,0.8824137701606657,0.15256587068695462,0.7,0.4067796610169492,0.5546218487394958,0.09247830820093278,0.17569527005246216,0.8585023419548388,1.0388282851820025
60000,5,owa,908.3,322.5135135135135,565.4261834806708,328.0005607737094,2010.0,37.0,30.0,2875.365476883885,0.6,0.4,0.0,0.6207902943942823,0.12379124451812108,0.3458532006520564,0.11554245201364247,0.20757455843608041,0.6166666666666667,0.5084745762711864,0.5630252100840336,0.27161117698662146,0.14011018480740184,0.8125526568592392,1.1542189262495617
60000,5,owa,729.0952380952381,406.4390243902439,585.8183084166885,461.07055039226304,1860.0,41.0,21.0,2808.6006419380333,0.8,0.2,0.0,0.3344011869369157,0.35230951412263567,0.380272618491951,0.4165692352859932,0.17892328720949982,0.6833333333333333,0.3559322033898305,0.5210084033613446,0.21642649853825205,0.11694754913591966,0.8361700418739747,1.1110703149801866
60000,5,owa,916.4666666666667,329.8918918918919,542.1043119709262,311.2214095555859,2010.0,37.0,30.0,2843.2344592886493,1.0,0.0,0.0,0.6338415345103876,0.14388161086681003,0.30648872819904505,0.07758517906494285,0.19378594500426766,0.6166666666666667,0.5084745762711864,0.5630252100840336,0.2743294071456974,0.14279676400821778,0.8238342312289201,1.1695620203787263
60000,6,owa,726.7586206896551,602.0526315789474,540.2367639135122,718.9782520248992,2010.0,38.0,29.0,2778.0805808448135,0.4,0.4,0.2,0.3306670128773564,0.8849399689019565,0.3033365350300691,1.0,0.16582599506547155,0.6333333333333333,0.4915254237288136,0.5630252100840336,0.08348757588505747,0.17036433417033975,0.8471936372379794,1.0158633802082067
60000,6,owa,958.0,638.1951219512196,542.4742803374057,624.8714755656637,2130.0,41.0,30.0,2436.644326755484,0.6,0.2,0.2,0.7002164128151507,0.9833512776064169,0.30711318964351714,0.7871145832140046,0.019303012863313564,0.6833333333333333,0.5084745762711864,0.5966386554621849,0.09941434284502998,0.13601836115739777,0.9808820973146517,1.1483056207383806
60000,6,owa,990.6363636363636,473.7317073170732,691.0968102490154,525.8658585794597,2220.0,41.0,33.0,2538.2715540609333,0.6,0.4,0.0,0.7523729456724613,0.5355387527515298,0.557969879346053,0.5631471620645556,0.06291503191339125,0.6833333333333333,0.559322033898305,0.6218487394957983,0.1708239001567603,0.11881649034958866,0.9390232573090092,1.1692554026405637
60000,6,owa,1145.5862068965516,486.125,635.5225362555367,546.0961776614173,2070.0,40.0,29.0,2391.6633394343644,0.8,0.2,0.0,1.0,0.5692840796374692,0.4641672882118754,0.6089115593961525,0.0,0.6666666666666666,0.4915254237288136,0.5798319327731093,0.15691785348195858,0.09232360209003992,1.0,1.2030796545269786
60000,6,owa,1123.0,462.95,601.9064711398275,528.0376807650116,2130.0,40.0,31.0,2505.2401576202624,1.0,0.0,0.0,0.963904733528295,0.5061815635757767,0.40742747345588287,0.5680601905259712,0.04874003246672261,0.6666666666666666,0.5254237288135594,0.5966386554621849,0.16973150473467571,0.10634822885123173,0.9524286980564992,1.1753343172167907
